<?xml version="1.0" encoding="UTF-8"?>
<!DOCTYPE mapper PUBLIC "-//mybatis.org//DTD Mapper 3.0//EN" "http://mybatis.org/dtd/mybatis-3-mapper.dtd">
<mapper namespace="co.yiiu.pybbs.mapper.TagMapper">

    <!--<resultMap id="BaseResultMap" type="co.yiiu.pybbs.model.Topic">
        <id column="id" jdbcType="INTEGER" property="id"/>
    </resultMap>-->

    <!-- 通用查询结果列
    <sql id="Base_Column_List">
        test_id AS testId, name, age, test_type AS testType, role, phone
    </sql>-->

    <select id="selectTopicByTagId" resultType="map">
        select t.*, u.username, u.avatar
        from topic_tag tt
                 left join topic t on tt.topic_id = t.id
                 left join tag tag on tt.tag_id = tag.id
                 left join user u on t.user_id = u.id
        where tag.id = #{tagId}
        order by tag.topic_count desc
    </select>

    <select id="countToday" resultType="integer">
        select count(1)
        from tag
        where to_days(in_time) = to_days(now());
    </select>

</mapper>
