<?xml version="1.0" encoding="UTF-8"?>
<!DOCTYPE mapper PUBLIC "-//mybatis.org//DTD Mapper 3.0//EN" "http://mybatis.org/dtd/mybatis-3-mapper.dtd">
<mapper namespace="co.yiiu.pybbs.mapper.TopicMapper">

    <!--<resultMap id="BaseResultMap" type="co.yiiu.pybbs.model.Topic">
        <id column="id" jdbcType="INTEGER" property="id"/>
    </resultMap>-->

    <!-- 通用查询结果列
    <sql id="Base_Column_List">
        test_id AS testId, name, age, test_type AS testType, role, phone
    </sql>-->

    <select id="selectAll" resultType="map">
        select t.*, u.username, u.avatar
        from topic t
        left join user u on t.user_id = u.id
        <where>
            <if test="tab == 'good'">
                t.good = true
            </if>
            <if test="tab == 'noanswer'">
                t.comment_count = 0
            </if>
            <if test="tab == 'hot'">
                date(t.in_time) &lt;= date_add(curdate(), interval 1 day)
                and date(t.in_time) &gt;= date_sub(curdate(), interval 7 day)
            </if>
        </where>
        <if test="tab == 'all' or tab == 'newest' or tab == 'noanswer' or tab == 'good'">
            order by t.top desc, t.in_time desc
        </if>
        <if test="tab == 'hot'">
            order by t.comment_count desc, t.in_time desc
        </if>
    </select>

    <select id="selectByTag" resultType="map">
        select t.*, u.username, u.avatar
        from topic t
        left join user u on t.user_id = u.id
        left join topic_tag tt on tt.topic_id = t.id
        left join tag tag on tag.id = tt.tag_id
        <where>
            tag.name = #{tag}
        </where>
        order by t.top desc, t.in_time desc
    </select>

    <select id="selectByUserId" resultType="map">
        select t.*, u.username, u.avatar
        from topic t
                 left join user u on t.user_id = u.id
        where t.user_id = #{userId}
        order by t.in_time desc
    </select>

    <select id="selectAllForAdmin" resultType="map">
        select t.*, u.username
        from topic t
        left join user u on t.user_id = u.id
        <where>
            <if test="startDate != null and endDate != null">
                t.in_time between #{startDate} and #{endDate}
            </if>
            <if test="username != null">
                and u.username = #{username}
            </if>
        </where>
        order by t.in_time desc
    </select>

    <select id="countToday" resultType="integer">
        select count(1)
        from topic t
        where to_days(t.in_time) = to_days(now());
    </select>

    <select id="search" resultType="map">
        select t.id, t.title, t.content
        from topic t
        <where>
            t.title like '%${keyword}%' or t.content like '%${keyword}%'
        </where>
        order by t.in_time desc
    </select>

    <update id="updateById">
        UPDATE topic SET title=#{title}, content=#{content}, in_time=#{inTime}, user_id=#{userId},
        comment_count=#{commentCount}, collect_count=#{collectCount},
        `view`=#{view}, top=#{top}, good=#{good} WHERE id=#{id}
    </update>

</mapper>
